question,option1,option2,option3,option4,correctAnswerIndex,explanation
"Which one of the following Constitutional Amendments states that the total number of Ministers including the Prime Minister in the Council of Ministers shall not exceed fifteen percent of the total number of members of the House of the People?","90th","91st","92nd","93rd",1,"This provision was added by the 91st Constitutional Amendment Act, 2003."
"With reference to the Constitution of India, which of the following provisions is/are fulfilled by the National Social Assistance Programme? 1. Fundamental Rights 2. Fundamental Duties 3. Directive Principles of the State Policy","1 only","3 only","1 & 3 only","1, 2 & 3",1,"The NSAP (1995) is a significant step towards the fulfillment of Directive Principles in Article 41 (Right to Work, to Education and to Public Assistance in certain cases) of the Constitution."
"Under the Constitution of India, which one of the following is not a fundamental duty?","To vote in public elections","To develop the scientific temper","To safeguard public property","To abide by the Constitution and respect its ideals",0,"To vote in public elections is not a fundamental duty."
"Consider the following provisions under the Directive Principles of State Policy: 1. Securing for citizens of India a uniform civil code 2. Organizing village Panchayats 3. Promoting cottage industries in rural areas 4. Securing for all the workers reasonable leisure and cultural opportunities. Which of the above are the Gandhian Principles reflected in the Directive Principles of State Policy?","1, 2 and 4 only","2 and 3 only","1, 2, 3 and 4","1, 3 and 4 only",1,"Organizing village Panchayats and promoting cottage industries in rural areas are the Gandhian principles reflected in the Directive Principles of State Policy."
"Which of the following special powers have been conferred on the Rajya Sabha by the Constitution of India?","To change the existing territory of a State and to change the name of a State","To pass a resolution empowering the Parliament to make laws in the State List and to create one or more All India Services","To amend the election procedure of the President and to determine the pension of the President after his/her retirement","To determine the functions of the Election Commission and to determine the number of Election Commissioners",1,"Rajya Sabha can pass a resolution empowering the Parliament to make laws in the State List and to create one or more All India Services under the Constitution."
"Which of the following provisions of the Constitution of India have a bearing on Education? 1. Directive Principles of State Policy 2. Rural and Urban Local Bodies 3. Fifth Schedule 4. Sixth Schedule 5. Seventh Schedule","1 & 2 only","3, 4 & 5 only","1, 2 & 5 only","1, 2, 3, 4 & 5",3,"The items DPSP, Rural and Urban Local Bodies, 6th Schedule, 7th Schedule all provide provisions for education."
"According to the Constitution of India, it is the duty of the President of India to cause to be laid before the Parliament which of the following? 1. The Recommendations of the Union Finance Commission 2. The Report of the Public Accounts Committee 3. The Report of the Comptroller and Auditor General 4. The Report of the National Commission for Scheduled Castes","1 only","2 & 4 only","1, 3 & 4 only","1, 2, 3 & 4",2,"CAG gives three audit reports to President which are laid before both houses of Parliament. Statements 1, 3 and 4 are correct. Public Accounts Committee examines CAG reports but is not laid before Parliament by the President."
"Which of the following is/are among the Fundamental Duties of citizens laid down in the Indian Constitution? 1. To preserve the rich heritage of our composite culture 2. To protect the weaker sections from social injustice 3. To develop the scientific temper and spirit of inquiry 4. To strive towards excellence in all spheres of individual and collective activity","1 & 2 only","2 only","1, 3 & 4 only","1, 2, 3 & 4",2,"All the statements except 2 are among the Fundamental Duties of citizens. Statement 2 (protecting weaker sections) is a DPSP, not a Fundamental Duty."
"The distribution of powers between the Centre and the States in the Indian Constitution is based on the Act provided in the:","Morley-Minto Reforms, 1909","Montagu-Chelmsford Act, 1919","Government of India Act, 1935","Indian Independence Act, 1947",2,"Distribution of power between the Centre and the States in the Indian Constitution is based on the Government of India Act, 1935."
"With reference to Indian History, the Members of the Constituent Assembly from the Provinces were:","Directly elected by the people of those Provinces","Nominated by the Indian National Congress and the Muslim League","Elected by the Provincial Legislative Assemblies","Selected by the Government for their expertise in constitutional matters",2,"The members of the Constituent Assembly from the provinces were indirectly elected by the members of the provincial assemblies, who themselves were elected on a limited franchise."
"According to the Constitution of India, which of the following are fundamental for the governance of the country?","Fundamental Rights","Fundamental Duties","Directive Principles of State Policy","Fundamental Rights and Fundamental Duties",2,"Directive Principles of State Policy are guidelines to the central and State government of India to be kept in mind while framing laws and policies."
"Consider the following statements: 1. An amendment to the Constitution of India can be initiated by an introduction of a bill in the Lok Sabha only. 2. If such an amendment seeks to make changes in the federal character of the Constitution, the amendment also requires to be ratified by the legislature of all the States of India. Which of the statements given above is/are correct?","1 only","2 only","Both 1 & 2","Neither 1 nor 2",1,"An amendment can be initiated by either House of Parliament (not Lok Sabha only), so Statement 1 is wrong. Statement 2 is partially correct — it requires ratification by at least half the states, not all states. Only Statement 2 is correct."
"Which of the following bodies does not/do not find mention in the Constitution? 1. National Development Council 2. Planning Commission 3. Zonal Councils","1 & 2 only","2 only","1 & 3 only","1, 2 & 3",0,"National Development Council and Planning Commission are non-constitutional bodies created by government resolution. Zonal Councils were set up under the States Re-Organization Act, 1956, not the Constitution."
"Consider the following statements: 1. National Development Council is an organ of the Planning Commission. 2. The Economic and Social Planning is kept in the Concurrent List in the Constitution of India. 3. The Constitution of India prescribes that Panchayats should be assigned the task of preparation of plans for economic development and social justice. Which of the statements given above is/are correct?","1 only","2 & 3 only","1 & 3 only","1, 2 & 3",1,"Economic and Social Planning is placed in the Concurrent List. Article 40 mentions organizing village panchayats. NDC includes members of Planning Commission but is a separate body. Statements 2 and 3 are correct."
"'Economic Justice' as one of the objectives of the Indian Constitution has been provided in:","The Preamble and the Fundamental Rights","The Preamble and the Directive Principles of State Policy","The Fundamental Rights and the Directive Principles of State Policy","None of the above",1,"The Preamble to the Constitution says 'Justice-Social, Economic and Political' and the Directive Principles of state policies aim to create social and economic conditions for citizens."
"Which one of the following Schedules of the Constitution of India contains provisions regarding anti-defection?","Second Schedule","Fifth Schedule","Eighth Schedule","Tenth Schedule",3,"The 52nd Amendment Act of 1985 added the 10th schedule to the Constitution. This is often referred to as the anti-defection law."
"In the Constitution of India, promotion of international peace and security is included in the:","Preamble to the Constitution","Directive Principles of State Policy","Fundamental Duties","Ninth Schedule",1,"Promotion of international peace and security is included in the Directive Principles of State Policy under Article 51 of the Constitution."
"The provisions in Fifth Schedule and Sixth Schedule in the Constitution of India are made in order to:","Protect the interests of Scheduled Tribes","Determine the boundaries between States","Determine the powers, authority and responsibilities of Panchayats","Protect the interests of all the border States",0,"The Fifth Schedule deals with administration and control of scheduled areas and scheduled tribes. The Sixth Schedule contains provisions concerning the administration of tribal areas in Assam, Meghalaya, Tripura and Mizoram."
"Who/Which of the following is the custodian of the Constitution of India?","The President of India","The Prime Minister of India","The Lok Sabha Secretariat","The Supreme Court of India",3,"The Supreme Court of India is the apex court. As stated by the Indian Constitution, the function of the Supreme Court of India is that of the custodian of the Constitution."
"'To uphold and protect the Sovereignty, Unity and Integrity of India' is a provision made in the:","Preamble of the Constitution","Directive Principles of State Policy","Fundamental Rights","Fundamental Duties",3,"To uphold and protect the sovereignty, unity and integrity of India is one of the fundamental duties mentioned in the constitution."
"'The idea of Welfare State' in the Indian Constitution is enshrined in its:","Preamble","Directive Principles of State Policy","Fundamental Rights","Seventh Schedule",1,"A welfare state concept is enshrined in the Directive Principles of State Policy (DPSP) which provides guidelines to central and state governments to protect the economic and social well-being of citizens."
"Consider the following statements regarding the Directive Principles of State Policy: 1. The Principles spell out the socio-economic democracy in the country. 2. The provisions contained in these Principles are not enforceable by any court. Which of the statements given above is / are correct?","1 only","2 only","Both 1 & 2","Neither 1 nor 2",2,"Both statements are correct. DPSP spells out socio-economic democracy and their provisions are not enforceable by any court. Only Fundamental Rights can be enforced by the courts."
"Consider the following statements: 1. A bill pending in the Lok Sabha lapses on its prorogation. 2. A bill pending in the Rajya Sabha, which has not been passed by the Lok Sabha, shall not lapse on dissolution of the Lok Sabha. Which of the statements given above is/are correct?","1 only","2 only","Both 1 & 2","Neither 1 nor 2",1,"Prorogation doesn't affect bills pending before the house so Statement 1 is wrong. A bill pending in the Rajya Sabha does not lapse if the president has notified the holding of a joint sitting before the dissolution of Lok Sabha. So Statement 2 is right."
"The Parliament of India acquires the power to legislate on any item in the State List in the national interest if a resolution to that effect is passed by the:","Lok Sabha by a simple majority of its total membership","Lok Sabha by a majority of not less than two-thirds of its total membership","Rajya Sabha by a simple majority of its total membership","Rajya Sabha by a majority of not less than two-thirds of its members present and voting",3,"If the Rajya Sabha declares by a majority of not less than two-thirds of its members present and voting that it is necessary in the national interest, Parliament becomes competent to make laws on a State List matter."
"Which one of the following objectives is not embodied in the Preamble to the Constitution of India?","Liberty of thought","Economic liberty","Liberty of expression","Liberty of belief",1,"The Preamble mentions LIBERTY of thought, expression, belief, faith and worship. 'Economic liberty' is not mentioned in the Preamble."
"The mind of the makers of the Constitution of India is reflected in which of the following?","The Preamble","The Fundamental Rights","The Directive Principles of State Policy","The Fundamental Duties",0,"Sir Alladi Krishnaswami Iyer, a member of the Constituent Assembly, had said 'The Preamble to our Constitution expresses what we had thought or dreamt so long.'"
"Which of the following are envisaged by the Right against Exploitation in the Constitution of India? 1. Prohibition of traffic in human beings and forced labour. 2. Abolition of untouchability. 3. Protection of the interests of minorities. 4. Prohibition of employment of children in factories and mines.","1, 2 & 4 only","2, 3 & 4 only","1 & 4 only","1, 2, 3 & 4",2,"The Right against Exploitation includes Prohibition of human trafficking and forced labour, and Prohibition of employment of children in factories and mines. Abolition of untouchability falls under Right to Equality. So 1 and 4 are correct."
"Which one of the following statements is correct?","Rights are claims of the State against the citizens","Rights are privileges which are incorporated in the Constitution of a State","Rights are claims of the citizens against the State","Rights are privileges of a few citizens against the many",2,"Rights are claims of the citizens against the State."
"Which of the following statements is/are true of the Fundamental Duties of an Indian citizen? 1. A legislative process has been provided to enforce these duties. 2. They are correlative to legal duties.","1 only","2 only","Both 1 & 2","Neither 1 nor 2",3,"While FDs can be enforced by legislative measures, the Constitution explicitly does not enforce them via legal provisions. Statement 2 is also not strictly accurate. Neither statement is fully correct as framed."
"In the context of India, which one of the following is the correct relationship between Rights and Duties?","Rights are correlative with Duties","Rights are personal and hence independent of society and Duties","Rights, not Duties, are important for the advancement of the personality of the citizen","Duties, not Rights, are important for the stability of the State",0,"Rights and duties are correlative and inseparable, hence A is the answer."
"Which principle among the following was added to the Directive Principles of State Policy by the 42nd Amendment to the Constitution?","Equal pay for equal work for both men and women","Participation of workers in the management of industries","Right to work, education and public assistance for workers","Securing living wage and human conditions of work for workers",0,"The 42nd Amendment Act of 1976 added four new Directive Principles including equal pay for equal work for both men and women (Article 39)."
"Consider the following statements: With reference to the Directive Principles of the Constitution of India, the Directive Principles of State Policy constitute limitations upon: 1. legislative function 2. executive function. Which of the above statements is/are correct?","1 only","2 only","Both 1 and 2","Neither 1 nor 2",3,"The DPSP denotes ideals that the State should keep in mind while formulating policies and enacting laws. These are constitutional instructions or recommendations, not limitations. Both statements are wrong."
"Consider the following statements: 1. The Parliament of India can place a particular law in the Ninth Schedule of the Constitution of India. 2. The validity of a law placed in the Ninth Schedule cannot be examined by any court and no judgement can be made on it. Which of the statements given above is/are correct?","Both 1 and 2","2 only","Neither 1 nor 2","1 only",3,"Statement 1 is correct. The 1st Amendment (1951) inserted Articles 31A, 31B and the Ninth Schedule. In I.R. Coelho case (2007), the Supreme Court ruled that there cannot be any blanket immunity from judicial review of laws in the Ninth Schedule. So statement 2 is wrong. Only 1 is correct."
"In the federation established by The Government on India Act of 1935, Residuary Powers were given to the:","Federal Legislature","Governor General","Provincial Legislature","Provincial Governors",1,"In the federation established by The Government of India Act of 1935, Residuary Powers were given to the Governor General."
"Which one of the following reflects the nicest, appropriate relationship between law and liberty?","If there are more laws, there is less liberty","If there are no laws, there is no liberty","If there is liberty, laws have to be made by the people","If laws are changed too often, liberty is in danger",1,"Concept of Positive Liberty: if there are no laws, there is no liberty. This option reflects both 'appropriate' and 'nicest' relationship between law and liberty."
"Which of the following are regarded as the main features of the 'Rule of Law'? 1. Limitation of powers 2. Equality before law 3. People's responsibility to the Government 4. Liberty and civil rights","1 & 3 only","2 & 4 only","1, 2 & 4 only","1, 2, 3 & 4",2,"Rule of Law implies all individuals are subjected to the same law (equality before law), limitation of powers, and protection of liberty and civil rights. Statement 3 is not a feature of Rule of Law."
"Right to Privacy is protected as an intrinsic part of Right to Life and Personal Liberty. Which of the following in the Constitution of India correctly and appropriately imply the above statement?","Article 14 and the provisions under the 42nd Amendment to the Constitution","Article 17 and the Directive Principles of State Policy in Part IV","Article 21 and the freedoms guaranteed in Part III","Article 24 and the provisions under the 44th Amendment to the Constitution",2,"The Supreme Court ruled that 'the right to privacy is protected as an intrinsic part of the right to life and personal liberty under Article 21 and as a part of the freedoms guaranteed by Part III of the Constitution'."
"Consider the following statements: 1. The 44th Amendment to the Constitution of India introduced an Article placing the election of the Prime Minister beyond judicial review. 2. The Supreme Court of India struck down the 99th Amendment to the Constitution of India as being violative of the independence of the judiciary. Which of the statements given above is/are correct?","1 only","2 only","Both 1 & 2","Neither 1 nor 2",1,"Statement 1 is wrong — placing election of the PM beyond judicial review is incorrect. The 99th Amendment replaced the collegium system with NJAC. In 2015, SC held the 99th Amendment 'ultra vires'. So only Statement 2 is right."
"Consider the following statements regarding impeachment of Supreme Court judges: 1. The motion to impeach a judge of the Supreme Court of India cannot be rejected by the Speaker of the Lok Sabha as per the Judges (Inquiry) Act, 1968. 2. The Constitution of India defines and gives details of what constitutes 'incapacity and proved misbehaviour' of the judges of the Supreme Court of India. 3. The details of the process of the impeachment of the judges of the Supreme Court of India are given in the Judges (Inquiry) Act, 1968. 4. If the motion of the impeachment of a judge is taken up for voting, the law requires the motion to be backed by each house and supported by a majority of total membership and not less than two-thirds of members present and voting. Which of the statements given above is/are correct?","1 and 2","3 only","3 and 4 only","1, 3 and 4",2,"The Speaker/Chairman may admit or refuse the motion. The Constitution does not define 'incapacity and proved misbehaviour'. Statements 3 and 4 are correct."
"Under which schedule of the Constitution of India can the transfer of tribal land to private parties for mining be declared null and void?","Third Schedule","Fifth Schedule","Ninth Schedule","Twelfth Schedule",1,"The Fifth Schedule deals with administration and control of scheduled areas. The Governor can make regulations to prohibit or restrict the transfer of land by or among members of the scheduled tribes."
"With reference to the Constitution of India, prohibition or limitations contained in ordinary laws cannot act as limitations on the constitutional powers under Article 142. It could mean which one of the following?","The decisions taken by the Election Commission of India while discharging its duties cannot be challenged in any court of law","The Supreme Court of India is not constrained in the exercise of its powers by laws made by the parliament","In the event of grave financial crises the President can declare Financial Emergency without the counsel from the cabinet","State Legislatures cannot make laws on certain matters without the concurrence of the Union legislature",1,"Articles 124 to 147 in Part V deal with the Supreme Court. Article 142 is within this range, so it relates to the Supreme Court not being constrained by ordinary laws."
"Consider the following statements about the Constitution of India: 1. No High Court shall have the jurisdiction to declare any central law to be constitutionally invalid. 2. An amendment to the Constitution of India cannot be called into question by the Supreme Court of India. Which of the statements given above is/are correct?","1 only","2 only","Both 1 & 2","Neither 1 nor 2",3,"The Constitution confers the power of judicial review on both the Supreme Court and High Courts, so Statement 1 is wrong. In I.R. Coelho (2007), the Supreme Court held no blanket immunity from judicial review. Statement 2 is also wrong."
"A parliamentary system of government is one in which:","All political parties in the parliament are represented in the government","The government is responsible to the parliament and can be removed by it","The government is elected by the people and can be removed by them","The government is chosen by the parliament but cannot be removed by it before completion of a fixed term",1,"Article 75: The ministers are collectively responsible to Parliament in general and to the Lok Sabha in particular. The Lok Sabha can remove the ministry by passing a vote of no confidence."
"Which part of the Constitution of India declares the ideal of Welfare state?","Directive Principles of State Policy","Fundamental Rights","Preamble","Seventh Schedule",0,"The Directive Principles of State Policy (DPSP) provides guidelines to the government for establishing a welfare state."
"Consider the following statements: 1. The Constitution of India defines its 'basic structure' in terms of federalism, secularism, fundamental rights and democracy. 2. The Constitution of India provides for 'judicial review' to safeguard the 'citizens' liberties and to preserve the ideals on which the constitution is based. Which of the statements given above is/are correct?","1 only","2 only","Both 1 & 2","Neither 1 nor 2",1,"The concept of 'basic structure' came from the Kesavananda Bharati case (1973) — it is not defined in the Constitution itself, so Statement 1 is incorrect. Judicial Review is an integral part of the Constitution. Statement 2 is correct."
"One common agreement between Gandhism and Marxism is:","The final goal of a stateless society","Class struggle","Abolition of private property","Economic determinism",0,"Both Gandhi and Marx aimed for a stateless society. Marxism involves a classless stateless society. Gandhism also envisions a self-regulating stateless society."
"The Preamble to the Constitution of India is:","A part of the Constitution but has no legal effect","Not a part of the Constitution and has no legal effect either","A part of the Constitution and has the same legal effect as any other part","A part of the Constitution but has no legal effect independently of other parts",2,"Keshavananda Bharati vs State of Kerala (1973): Supreme Court ruled the Preamble is a part of the Indian Constitution. The combined effect of the judgments — the Preamble is part of the Constitution, but is not enforceable in a court of law."
"With reference to the provisions contained in Part IV of the Constitution of India, which of the following statements is/are correct? 1. They shall be enforceable by courts. 2. They shall not be enforceable by any court. 3. The principles laid down in this part are to influence the making of laws by the state.","1 only","2 only","1 & 3 only","2 & 3 only",3,"Article 37 states that Provisions of Part-IV shall not be enforceable by any court (Statement 2 correct). Article 37 also states it shall be the duty of the state to apply these principles in making laws (Statement 3 correct)."
"Other than the Fundamental Rights, which of the following parts of the Constitution of India reflect/reflects the principles and provisions of the Universal Declaration of Human Rights (1948)? 1. Preamble 2. Directive Principles of State Policy 3. Fundamental Duties","1 & 2 only","2 only","1 & 3 only","1, 2 & 3",3,"UDHR mentions dignity — Preamble speaks of equality and dignity. UDHR mentions Right to Work — similar in DPSP. UDHR mentions duties — inserted in Constitution by 42nd Amendment. All three reflect UDHR principles."
"Under the Indian Constitution, concentration of wealth violates:","The right to equality","The Directive Principles of State Policy","The Right to freedom","The Concept of Welfare",1,"Article 39(b) says the state shall direct its policy towards ensuring that the ownership and control of material resources are distributed to best subserve the common good and the economic system does not result in concentration of wealth."
"What was the exact constitutional status of India on 26th January, 1950?","A democratic Republic","A Sovereign Democratic Republic","A Sovereign Secular Democratic Republic","A Sovereign Socialist Secular Democratic Republic",1,"The Preamble was amended in 1976 by the 42nd Constitutional Amendment Act which added 'Socialist', 'Secular' and 'Integrity'. On 26th January 1950, India was a Sovereign Democratic Republic."
"Which one of the following best defines the term 'State'?","A community of persons permanently occupying a definite territory independent of external control and possessing an organized government","A politically organized people of a definite territory and possessing an authority to govern them, maintain law and order, protect their natural rights and safeguard their means of sustenance","A number of persons who have been living in a definite territory for a very long time with their own culture, tradition and government","A society permanently living in a definite area with a central authority, an executive responsible to the central authority and an independent judiciary",0,"As per NCERT, it refers to a political institution that represents a sovereign people who occupy a definite territory. Population, territory, government, and sovereignty are four essential elements of state."
"Consider the following statements about citizenship in India: 1. There is only one citizenship and one domicile. 2. A citizen by birth only can become the Head of State. 3. A foreigner once granted citizenship cannot be deprived of it under any circumstances. Which of the statements given above are correct?","1 only","2 only","1 and 3","2 and 3",0,"In India any citizen can become the Head of State (unlike USA). Citizenship can be cancelled if obtained by fraud. Only Statement 1 (single citizenship and domicile) is correct."
"Consider the following statements about election rules: 1. In India, there is no law restricting the candidates from contesting in one Lok Sabha election from three constituencies. 2. In 1991 Lok Sabha Election, Shri Devi Lal contested from three Lok Sabha constituencies. 3. As per the existing rules, if a candidate contests one Lok Sabha election from many constituencies, his/her party should bear the cost of bye-elections to the constituencies vacated. Which of the statements given above is/are correct?","1 only","2 only","1 and 3","2 and 3",1,"As per the Representation of People's Act 1996, one candidate can contest from a maximum of two constituencies (not three), so Statement 1 is incorrect. Statement 3 is a suggested reform, not an existing rule. In the 1991 Lok Sabha Election, Shri Devi Lal contested from three constituencies — this is factual and correct."
"Consider the following statements about Contempt of Court: 1. Pursuant to the report of H.N. Sanyal Committee, the Contempt of Courts Act, 1971 was passed. 2. The Constitution of India empowers the Supreme Court and the High Courts to punish for contempt of themselves. 3. The Constitution of India defines Civil Contempt and Criminal Contempt. 4. In India, the Parliament is vested with the powers to make laws on Contempt of Court. Which of the statements given above are correct?","1 and 2 only","1, 2 and 4","3 and 4 only","3 only",1,"Statement 3 is wrong — it is the Contempt of Courts Act, 1971 (not the Constitution) that defines Civil and Criminal Contempt. Statements 1, 2, and 4 are correct."
"Consider the following statements about Constitution Amendment Bills: 1. A bill amending the Constitution requires a prior recommendation of the President of India. 2. When a Constitution Amendment Bill is presented to the President of India, it is obligatory for the President of India to give his/her assent. 3. A Constitution Amendment Bill must be passed by both the Lok Sabha and the Rajya Sabha by a special majority and there is no provision for joint sitting. Which of the statements given above are correct?","1 and 2 only","2 and 3 only","1 and 3 only","1, 2 and 3",1,"Statement 1 is wrong — Constitution Amendment Bills do not require President's recommendation. Statements 2 and 3 are correct as per Article 368."
"Consider the following statements about Council of Ministers: 1. The Constitution of India classifies the ministers into four ranks viz. Cabinet Minister, Minister of State with Independent Charge, Minister of State and Deputy Minister. 2. The total number of ministers in the Union Government including the Prime Minister shall not exceed 15 percent of the total number of members in the Lok Sabha. Which of the statements given above is/are correct?","1 only","2 only","Both 1 and 2","Neither 1 nor 2",1,"Statement 1 is wrong — Article 74 mentions the Council of Ministers with PM at the helm, but different types of ministers are not classified in the Constitution. Statement 2 is correct as per the 91st Amendment."
"Consider the following organizations/bodies in India: 1. The National Commission for Backward Classes 2. The National Human Rights Commission 3. The National Law Commission 4. The National Consumer Disputes Redressal Commission. How many of the above are constitutional bodies?","Only one","Only two","Only three","All four",0,"NCBC is a constitutional body. NHRC is a statutory body. National Law Commission is an executive body. National Consumer Disputes Redressal Commission is a statutory body. Therefore, only 1 is a constitutional body."
"Consider the following statements about constitutional provisions: 1. According to the Constitution of India, the Central Government has a duty to protect States from internal disturbances. 2. The Constitution of India exempts the States from providing legal counsel to person being held for preventive detention under the Prevention of Terrorism Act, 2002. 3. According to the Prevention of Terrorism Act, 2002, confession of the accused before the police cannot be used as evidence. How many of the above statements are correct?","Only one","Only two","All three","None",0,"Statement 1 is correct (Article 355). Statement 2 is incorrect — no such provision exists in the Constitution. Statement 3 is incorrect — Section 32 of POTA 2002 allows confession before police as evidence. Only one statement is correct."
"Which one of the following statements best reflects the Chief purpose of the 'Constitution' of a country?","It determines the objective for the making of necessary laws","It enables the creation of political offices and a government","It defines and limits the powers of government","It secures social justice, social equality and social security",2,"A constitution is a set of fundamental principles or established precedents according to which a state is governed. It defines and limits the powers of government."
"Consider the following statements about the Presidency of India: 1. If the election of the President of India is declared void by the Supreme Court, all acts done by him/her in performance of duties before the date of decision becomes invalid. 2. Election for the post of the President of India can be postponed on the ground that some Legislative Assemblies have been dissolved and elections are yet to take place. 3. When a Bill is presented to the President of India, the Constitution prescribes time limits within which he/she has to declare his/her assent. How many of the above statements are correct?","Only one","Only two","All three","None",3,"Statement 1 is wrong (Article 71 — acts are not invalidated). Statement 2 is wrong (no provision for postponement due to dissolved assemblies). Statement 3 is wrong (Constitution prescribes no time limits for assent). All three are wrong."
"With reference to Finance Bill and Money Bill in the Indian Parliament, consider the following statements: 1. When the Lok Sabha transmits Finance Bill to the Rajya Sabha, it cannot amend or reject the Bill. 2. When the Lok Sabha transmits Money Bill to the Rajya Sabha, it cannot amend or reject the Bill, it can only make recommendations. 3. In the case of disagreement between the Lok Sabha and the Rajya Sabha, there is no joint sitting for Money Bill, but a joint sitting becomes necessary for Finance Bill. How many of the above statements are correct?","Only one","Only two","All three","None",0,"Finance Bill is a Money Bill — Rajya Sabha cannot reject it but can make recommendations. Statement 1 is wrong (Rajya Sabha can make recommendations). Statement 2 is right. There is no joint sitting provision for Money Bill. Statement 3 is wrong. Only one statement (2) is correct."
"Consider the following statements in respect of election to the President of India: 1. The members nominated to either House of the Parliament or the Legislative Assemblies of States are also eligible to be included in the Electoral College. 2. Higher the number of Elective Assembly seats, higher is the value of vote of each MLA of that State. 3. The value of vote of each MLA of Madhya Pradesh is greater than that of Kerala. 4. The value of vote of each MLA of Puducherry is higher than that of Arunachal Pradesh because the ratio of total population to total number of elective seats in Puducherry is greater as compared to Arunachal Pradesh. How many of the above statements are correct?","Only one","Only two","Only three","All four",0,"Only Statement 4 is correct. Nominated members are not eligible for Electoral College. MLA vote value is not directly proportional to number of seats. Kerala's MLA vote value is greater than Madhya Pradesh's."
"In India, which one of the following Constitutional Amendments was widely believed to be enacted to overcome the judicial interpretations of Fundamental Rights?","1st Amendment","42nd Amendment","44th Amendment","86th Amendment",1,"The 42nd Amendment gave powers to Parliament to impose more restrictions on fundamental rights and is more widely associated with overcoming judicial interpretations of Fundamental Rights."
"Consider the following statements in respect of the Constitution Day: Statement-I: The Constitution Day is celebrated on 26th November every year to promote constitutional values among citizens. Statement-II: On 26th November, 1949, the Constituent Assembly of India set up a Drafting Committee under the Chairmanship of Dr. B.R. Ambedkar to prepare a Draft Constitution of India. Which one of the following is correct?","Both Statement-I and Statement-II are correct and Statement-II is the correct explanation for Statement-I","Both Statement-I and Statement-II are correct and Statement-II is not the correct explanation for Statement-I","Statement-I is correct but Statement-II is incorrect","Statement-I is incorrect but Statement-II is correct",0,"Both statements are correct and Statement-II is the correct explanation for Statement-I. Constitution Day is celebrated on 26th November to promote constitutional values. On 26th November 1949, the Constituent Assembly adopted the Draft Constitution prepared under Dr. B.R. Ambedkar's chairmanship."